순서,한글단어이름,영어단어이름,한글내용,영어내용,한글검색색인,등록일,등록자id,영어검색색인
154,연계퇴직유족연금,Linked Survivor Retirement Annuity,연계퇴직연금 수급권자 또는 연계퇴직연금 수급자가 사망한 경우 그 유족에게 지급하는 급여를 말함    ※ 유족연금액 = 연계퇴직연금 × 60% (2010.1.1 이전부터 재직 중인 교직원 또는 연금수급자 = 70%),"It refers to the benefit that is paid to the survivors if the beneficiaries of linked retirement annuity or the beneficiaries or the pensioners of the linked retirement annuity died.    ※ Amount of survivor`s pension = Linked retirement annuity × 60% (School staff under employment before January 1, 2010 = 70%)",8,2014-12-23 18:29,,12
153,연계퇴직연금,Linked Retirement Annuity,"국민연금과 직역연금(사학연금,공무원연금,군인연금,별정우체국직원연금)간 이동자가 가입기간을 연계할 경우 연계기간이 20년이 되고 지급개시연령에 도달할 경우 지급되는 급여를 말함","If the movers between national pension and occupational pensions (Private School Teachers` Pension, Military Pension, Semi-official Post Office Staff Pension) link the participation period, the linked period becomes twenty years. This benefit is paid when the pension age is reached.",8,2018-01-02 9:24,,12
152,임용전 복무기간 산입 제외 기간,Period Excluded from the Inclusion of Service Period before Appointment,"복무 기간이 6월 미만인 실역 미필 보충역, 후보생 기간(장교 및 부사관), 복무기간 중 감축기간( 형 집행일 수, 근무 이탈일 수, 영창일 수), 국토건설단 요원의 복무기간, RNTC 훈련기간, 특례 보충역의 실무 종사 기간을 말함.","It refers to the reservist duty of incomplete active service, the period of cadets (officer and noncommissioned officer), the reduction period of the service period (the number of days of sentence execution, the number of days of desertion from duty, the number of days of confinement in a guardhouse), the service period of Homeland Construction Corps personnel, the training period of ROTC and the working-level service period of the special reservist status.",8,2014-12-23 18:32,,16
151,평균기준소득월액의 현재가치 환산,Calculated Present Value of Average Base Monthly Income,기준소득월액 또는 평균기준소득월액에 연도별로 공무원보수인상률(행자안전부장관 고시)을 순차적으로 곱하여 급여의 사유가 발생한 연도 또는 연금의 지급이 시작되는 연도의 현재가치로 환산함.,It is calculated into the present value of the year when the reason for the benefit occurred or when the payment of pension begins by sequentially multiplying the average increase rate of remuneration for public officials of each year (the notice of the Minister of Public Administration and Security) by the base monthly income or average base monthly income.,13,2014-12-23 18:38,,3
150,평균기준소득월액,Average Base Monthly Income,퇴직한 날의 전날 또는 재직중 사망시에 사망일이 속하는 달부터 소급하여 2010.1.1이후 임용시까지 전 전기간에 대해 매년 공무원보수인상률을 적용하여 현재가치로 환산한 후 합한 금액을 재직기간으로 나눈 금액을 말함,"It refers to the amount that is totaled and divided by the employment period after applying theincrease rate of the remuneration for the public officials each year and calculating it into the current value for the duration until the appointment since January 1st, 2011 retroactively from the previous date of retirement or the month to which the deathday belongs in case of death during appointment.",13,2014-12-23 18:38,,1
149,기준소득월액,Base Monthly Income,교직원이 학교 및 경영기관에서 일정기간 재직하고 얻은 소득 중 비과세소득을 제외한 금액의 연지급액합계액을 12월로 평균한 금액을 말함   ※ - 기준소득월액 = (근로소득-비과세 소득) / 12      - 부담금 및 급여액 산정의 기초가 됨.,It refers to the 12-month averaged amount of the total annual amount of the income less non-taxable income that school staff earned from being employed by schools and management institutions for a certain period of time.    ※ - Base Monthly Income = (Earned Income - Non-taxable Income) / 12      - It is the basis of contribution and benefit calculation.,1,2014-12-23 18:24,,2
148,보수연액,Annual Remuneration,보수월액의 12배에 상당하는 금액을 말함.,It refers to the amount corresponding to 12 times the amount of monthly remuneration. ,6,2014-12-23 18:26,,1
147,휴직,Leave of Absence,"교직원 신분과 자격을 유지하면서 일정 기간 쉬는 것을 말하며, 일반휴직, 입대휴직, 병가휴직 및 육아휴직 등이 있음.","It refers to having a rest for a certain period of time while maintaining the school staff`s status and qualification, and it can include general leave of absence, leave for military service, sick leave and parental leave and so on.",14,2014-12-23 18:39,,12
146,호봉 재획정,Redefinition of Pay Grade,"교직원이 재직중 새로운 경력을 합산할 사유(자격, 학력변동 포함)와 승급 제한기간을 산입하는 경우 또는 호봉 재획정 방법이 변경되는 경우에 호봉을 재획정함을 말함.","It refers to the redefinition of pay grade if school staff include the reasons for combined calculation (inc. eligibility and change of academic ability) and the restriction period of salary raise, or the method of redefining the pay grade is changed.",14,2014-12-23 18:39,,18
145,해임,Dismissal,"징계처분의 한가지로 파면 다음으로 무거운 징계이며, 교직원 신분은 박탈됨.","It is one of the disciplinary actions, and is the severe disciplinary punishment next to expulsion. The school staff`s status is deprived.",14,2018-01-02 10:50,,4
144,해외대학 국고학자금대여,Loan for Foreign University Expenses,"해외의 정규대학 과정에 재(입)학중인 교직원의 자녀에게 연간 10,000$ 이내로 국내대학의 대여조건과 동일하게 대여하는 경우를 말함.","It refers to the loan for the school staff`s children who are in attendance at the regular foreign university courses to the extent of U$10,000.00 per year under the same conditions with those for the domestic universities.",14,2014-12-23 18:39,,12
143,합산반납금,Repayment by Combined Calculation,"재직기간 합산을 위해 퇴직당시에 수령한 퇴직 급여액에 일정율의 이자를 가산하여 반납하는 금액을 말함. 반납 대상 급여는 퇴직일시금. 퇴직연금일시금 및 퇴직연금공제일시금이며, 퇴직(퇴역)연금 및 퇴직수당은 반납 대상이 아님.","It refers to the amount to be returned by adding a certain rate of interest to the retirement benefit received at the time of retirement for combined total employment period. The benefits of return are lump sum allowance for retirement, lump sum allowance for retirement annuity and lump sum allowance for retirement annuity after deduction. The retirement annuity and military retirement annuity are not the objects of return.",14,2014-12-23 18:39,,18
142,학보제대자,College Registered Dischargee,학적보유 현역병 제도에 의거 대다수가 1년 6월 재영후 귀휴한 자를 말함.    ※ 귀휴기간 6월 소지자(1956 ～ 1962년 사이에 시행),It refers to those who were released after active military service for one and half years based on the college registered active servicemen system.    ※ Holders of 6 months` period of release (enforced between 1956 and 1962),14,2014-12-23 18:39,,3
141,학력변동,Change of  Academic Ability,교원이 재직중 학력이 변동된 경우를 말함.,It refers to the case when the academic ability of teachers was changed while in office.,14,2014-12-23 18:39,,3
140,학도의용군,Student Volunteer Army,6.25 한국전쟁 발발후 구국비상학도대 설치일(1950년 6월 29일)부터 해제일(1951년 2월 28일)까지의 종군기간에 복무한 자를 말함.,"It refers to those who served in the period of war from the installation date of the Save-the- Nation Emergency Students` Corps (June 29, 1950) until the relieved date (February 28, 1951).",14,2014-12-23 18:39,,19
139,학교경영기관,School Management Institution,당연적용기관 및 임의적용기관의 사립학교를 설치ㆍ경영하는 학교법인 또는 사립학교 경영자를 말함.,It refers to the school foundations or private school executives that installs and manages the private school of the institution for compulsory participation and the institution for optional participation,14,2014-12-23 18:38,,19
138,표준봉급월액,Base Monthly Salary,"교원의 표준봉급월액은 당해 교원의 직위와 자격 등에 따라 공무원보수규정 중 교육공무원에게 적용되는 규정에 의하여 산정되는 봉급월액이며, 사무직원의 표준봉급월액은 당해 사무직원의 급류와 기간에 따라 공무원보수규정 중 일반직 공무원 및 기능직 공무원에게 적용되는 규정에 의하여 산정되는 봉급월액을 말함.",The average monthly salaries of teachers are the monthly salaries calculated in accordance with the provisions in the Regulations for Public Official`s Remuneration which are applied to the educational public officials depending on the position and eligibility of the relevant teachers. The average monthly salaries of the clerical staff refer to the monthly salaries calculated in accordance with the provisions in the Regulations for Public Official`s Remuneration which are applied to the general public officials and technical public officials depending on the ratings and service duration of the relevant clerical staff.,13,2014-12-23 18:38,,2
137,장애,Disability,교직원이 직무상 질병ㆍ부상으로 인하여 신체에 정신적 또는 육체적 훼손 상태가 지속적으로 남게된 경우를 말함.    ※ 장애의 정도 구분은 1급부터 14급까지의 14등급으로 구분함.,It refers to the case that the state of mental or physical damage continuously remains on the bodies of the school staff due to the official disease or injury.    ※ The degree of disability is separated into fourteen grades from the Grade 1 to the Grade 14.,9,2014-12-23 18:33,,4
136,평균보수월액의 현재가치 환산,Calculated Present Value of Average Monthly Remuneration,"보수월액 또는 평균보수월액에 연도별로 공무원평균보수인상율(행자부장관 고시, 2001년 이전 기간 매년 6%)을 순차적으로 곱하여 급여의 사유가 발생한 연도 또는 연금의 지급이 시작되는 연도의 현재가치로 환산함.","It is calculated into the present value of the year when the reason for the benefit occurred or when the payment of pension begins by sequentially multiplying the average increase rate of remuneration for public officials of each year (the notice of the Minister of Public Administration and Security, 6% every year during the period before 2001) by the monthly remuneration or average monthly remuneration.",13,2014-12-23 18:38,,3
135,평균보수월액,Average Monthly Remuneration,퇴직한 날의 전날 또는 재직중 사망시에 사망일이 속하는 달부터 소급하여 3년간(2001년 1월 1일 이후의 재직기간 또는 2001년 1월 1일 이후에 합산된 재직기간에 한하며 해당 재직기간이 3년 미만인 경우는 그 재직기간에 한함)의 보수월액을 현재가치로 환산한 후 이를 합산하여 해당월수로 나눈 금액을 말함.,"It refers to the amount that is totaled and divided by the number of applicable months after calculating the monthly salaries of the last three years (limited to the employment period after January 1st, 2001 or the total employment period combined after January 1st, 2011, and limited to the employment period if the employment period is less than 3 years) into the current value retroactively from the previous date of retirement or the month to which the deathday belongs in case of death while in office.",13,2014-12-23 18:38,,1
134,파면,Expulsion,"징계처분의 한 종류로 교직원 관계를 청산하는 것을 말하며, 퇴직 급여의 일정부분을 감하여 지급함.","It is one of the disciplinary actions, and refers to clearing the school staff`s relationship. The retirement benefit is paid after deducting a certatin portion of the benefit.",13,2018-01-02 10:10,,5
132,퇴직일시금,Lump Sum Allowance for Retirement,재직기간 10년 미만인 교직원이 퇴직후 일시금으로 지급 받는 급여를 말함.,It refers to the benefit that the school staff with the employment period of less than ten years receive in a lump sum after retirement,12,2018-01-02 10:09,,12
131,퇴직연금일시금,Lump Sum Allowance for Retirement Annuity,재직기간 10년 이상인 교직원이 퇴직후 연금에 갈음하여 일시금으로 지급 받는 급여를 말함.,It refers to the benefit that the school staff with the employment period of more than ten years receive in a lump sum after retirement as a substitution for pension. ,12,2018-01-02 10:09,,12
130,퇴직연금공제일시금,Lump Sum Allowance for Retirement Annuity after Deduction,"재직기간 10년 이상인 교직원이 퇴직후 10년 이상 일정기간은 연금으로 지급 받고, 잔여 기간은 일시금으로 지급 받는 급여를 말함. ",It refers to the benefit that the school staff with the employment period of more than ten years receive as a pension for a certain period of more than ten years after retirement and in a lump sum for the rest period.      ,12,2018-01-02 10:08,,12
129,퇴직연금 지급 개시연령,Age for Retirement Annuity Benefit,"2000년 12월 31일 현재 재직 중인 교직원(1995년 12월 31일 이전 임용자, 1995년 12월 31일 이전의 합산 재직기간이 있는 교직원에 한함)으로서 재직기간이 20년 미만인 교직원이 2001년 1월 1일 이후 재직기간 20년 이상이 되어 퇴직한 경우 퇴직연도별 해당연령인 50세부터 연금을 지급하되, 2년에 1세씩 올려 단계적으로 60세로 제도화하는 경과규정을 말함. 즉 퇴직연도가 2001년과 2002년인 교직원은 50세, 2003년과 2004년인 교직원은 51세, 2005년과 2006년인 교직원은 52세부터 연금을 지급하는 방식으로 조정하여 2021년 이후 퇴직자부터 60세가 되도록 하였음.     ※ 정년 또는 근무상한연령에 먼저 도달할 경우에는 연도별 퇴직연금 지급 개시 연령과 상관없이 해당연령부터 지급함.  2010.1.1이후 신규임용자의 경우 연금지급개시 연령은 65세 또는 정년(근무상한연령)이 되었을 때부터 5년이 경과한 때로 법률이 개정 됨2015년 연금법 개혁으로 연금 지급개시연령을 65세로 단계적 연장.퇴직연도 : 2016~2021년 > 60세퇴직연도 : 2022~2023년 > 61세퇴직연도 : 2024~2026년 > 62세퇴직연도 : 2027~2029년 > 63세퇴직연도 : 2030~2032년 > 64세퇴직연도 : 2033년 이후  > 65세","It refers to the transitional provisions to raise by one age every two years to gradually  institutionalize as the age of sixty while paying the pension from the age of fifty which is the age applicable by the year of retirement in case that the school staff (limited to the appointee before December 31, 1995 and the school staff with the combined total employment period before December 31, 1995) whose employment period was less than twenty years as of December 31, 2000 retired after January 1, 2001 and the employment period was extended to be more than twenty years. In other words, it was adjusted to pay the pension from the age of sixty to the school staff who retire after 2021 by paying the pension from the age of fifty to the school staff who retired in 2001 and 2002, from the age of fifty-one to the school staff who retired in 2003 and 2004 and from age of fifty-two to the school staff who retired in 2005 and 2006.     ※When the age for retirement or upper age limit for working is reached first, the pension is paid from the applicable age regardless of the pension age by year.  The law was amended to determine that the pension age is effective when five years elapsed from the age of sixty five or when the age for retirement or upper age limit for working is reached With the pension reform in 2015, the age at which the pension will start to be paid will be gradually raised to 65 years.Retirement year : 2016 ~ 2021 > age of 60Retirement year : 2022 ~ 2023 > age of 61Retirement year : 2024 ~ 2026 > age of 62Retirement year : 2027 ~ 2029 > age of 63Retirement year : 2030 ~ 2032 > age of 64Retirement year : 2033~         > age of 65",12,2018-01-02 10:08,,1
128,퇴직연금,Retirement Annuity,재직기간 10년 이상인 교직원이 퇴직 후 연금으로 지급되는 급여.,It refers to the benefit that is paid as a pension after the school staff with the employment period of more than ten years retired.,12,2018-01-02 10:03,,18
127,퇴직수당 부담금,Retirement Allowance Contribution,국가 또는 공단에서 부담하는 퇴직수당 지급에 소요되는 비용을 말함.,It refers to the expenses required for the payment of retirement allowance borne by the nation or the Foundation.,12,2014-12-23 18:38,,18
126,퇴직수당,Retirement Allowance,교직원이 1년 이상 재직하고 퇴직 또는 사망한 때에 지급되는 급여를 말함.,It refers to the benefit that is paid if school staff retired or die after being employed for more than one year. ,12,2018-01-02 10:02,,18
125,퇴직급여,Retirement Benefit,"교직원이 퇴직시 지급되는 장기급여로서 퇴직연금, 조기퇴직연금, 퇴직연금일시금, 퇴직연금공제일시금, 퇴직일시금 등 5종을 말함.   - 퇴직연금일시금은 재직기간 10년 이상인 교직원이 퇴직하면서 연금이 아닌 일시금으로 지급 받기를 원할 때 지급하며, 이러한 급여의 선택은 퇴직당시에 교직원의 선택에 의하며 급여가 지급된 이후에는 퇴직연금 등 다른 급여로 바꿀 수 없게 됨.   - 퇴직연금공제일시금은 10년 이상 재직한 교직원이 퇴직할 때 10년 이상 일정 기간에 대해서는 연금으로 지급 받고 나머지 기간에 대해서는 일시금으로 받고자 할 경우 지급되는 급여임.","It is the long-term benefit that is paid when school staff retire, and refers to the five kinds such as the retirement annuity, Early Retirement Annuity, lump sum allowance for retirement annuity, lump sum allowance for retirement annuity after deduction and lump sum allowance for retirement.      - The lump sum allowance for retirement annuity is paid if the school staff who were employed for more than ten years want to receive allowance in a lump sum the allowance not as a pension, and such a selection of payment method cannot be changed to other benefit such as the retirement annuity if payment is once made based on such a selection by school staff.     - The lump sum allowance for retirement annuity after deduction is paid if the school staff who were employed for more than ten years want to receive the allowance as a pension for a certain period of more than ten years after retirement and in a lump sum for the rest period.",12,2018-01-02 10:02,,18
124,퇴직,Retirement,면직ㆍ사직 기타 사망 외의 모든 해직을 말함. 다만 교직원의 신분이 소멸된 날 또는 그 다음날에 다시 교직원으로 임명되고 연금법에 의한 퇴직급여 및 퇴직수당을 수령하지 아니한 경우에는 예외로 함.,"It refers to all dismissals other than removal, resignation and death. However, there is an exception when school staff are reappointed on the day when their status ceased to exist or on the next day, and when the retirement benefit and retirement allowance in accordance with the Pension Act are not received.",12,2014-12-23 18:37,,18
123,퇴역연금,Military Retirement Annuity,군인연금법에서 지급되는 급여로 사립학교교직원연금법에서의 퇴직연금에 해당되는 급여를 말함.,It refers to the benefit paid by the Military Pension Act which corresponds to the Retirement Annuity of the Private School Teachers` Pension Act.,12,2014-12-23 18:37,,13
122,체납처분,Disposition of Delinquency,교직원 또는 학교기관이 공단에 대하여 부담하고 있는 의무를 이행하지 아니하는 경우 공단이 강제적으로 의무가 이행된 것과 같은 상태를 실현하는 처분 및 그 집행을 말함.,It refers to the disposal and its execution that the Foundation realizes the same state as the obligations were forcibly fulfilled if school staff or school institutions fail to implement their obligations shared by them for the Foundation.,10,2014-12-23 18:37,,4
121,책임준비금,Liability Reserve,연금제도의 운영주체가 장래 지출될 급여액으로서 현재기금에서 적립해 두어야 하는 금액.※ 책임준비금액 = 장래급여지출 현가총액 - 장래부담금수입 현가총액,Amount that should be saved from the current fund by the operating body of the pension scheme  as the benefit to be paid in the future     ※ Liability reserve amount = total current value amount for future benefit expenditure - total current value amount for future contribution income,10,2014-12-23 18:37,,12
119,직위해제,Administrative Release,교직원에게 부여한 직무와 책임을 면함.,The duties and responsibilities assigned to school staff are evaded.,9,2014-12-23 18:36,,1
118,직위변동,Shift of Position,"초,중등학교 교원이 교장 또는 교감으로 임용되었을 경우와 대학의 교원이 조교수에서 부교수로, 부교수에서 교수 등으로 직위의 변동을 말함.","It refers to the case when the elementary, secondary and high school teachers are appointed as principals or deputy principals and when the title of the teaching staff of colleges are shifted from assistant professor to associate professor and from associate professor to full professor.",9,2018-01-02 10:00,,19
116,직무상 요양비,Official Medical Expenses,교직원이 직무상 질병 또는 부상으로 인하여 직무상 요양을 받은 경우 요양에 소요되는 비용을 지급 받을 수 있는 급여를 말함.,It refers to the benefit that is paid for the expenses required for medical care if school staff  received the official medical care due to the official disease or injury. ,9,2018-01-02 9:58,,15
115,직무상 질병·부상,Official disease and Injury,직무수행이 직접 또는 간접적인 원인이 되어 발생한 질병ㆍ부상을 말함.,It refers to the disease and injury which are directly or indirectly caused by the performance of duties.,9,2014-12-23 18:36,,15
114,직렬,Series of Classes,유사한 직무의 종류를 책임과 곤란성의 차이에 따라 분류한 구분을 말함.,It refers to the separation of the type of similar duties depending on the distinction between the responsibilities and difficulties.,9,2014-12-23 18:36,,19
113,직계존속,Direct Ancestor,교직원 본인의 부모 또는 부모와 동등이상의 항렬에 속하는 혈족을 말함.,It refers to the parents of the school staff themselves or the blood relatives that belong to the same or lower generation with the parents.,9,2014-12-23 18:36,,4
112,직계비속,Direct Descendant,교직원 본인의 자손 및 그들과 동등이하의 항렬에 속하는 혈족을 말함.,It refers to the descendants of the school staff themselves and the blood relatives that belong to the same or lower generation with them.,9,2014-12-23 18:36,,4
111,직급,Position,직무의 종류와 책임의 정도에 따라 구분한 계급을 말함.,It refers to the class which is divided depending on the type of duties and degree of responsibilities.,9,2014-12-23 18:36,,16
110,종전보수월액 적용,Application of Previous Monthly Remuneration,교직원이 강임ㆍ전직 또는 재임용 등의 사유로 보수월액이 감액되었을 때 본인이 희망하고 학교경영기관의 장이 동의하면 종전의 보수월액 적용신청을 하여 승인을 얻는 것을 말함.,"It refers to obtaining approval by applying for the application of the previous monthly remuneration if the public officials concerned want and the heads of the school management institutions agree when the monthly remuneration was reduced due to demotion, change of occupation or re-appointment of the school staff.",9,2014-12-23 18:36,,1
109,조기퇴직연금,Early Retirement Annuity,교직원이 10년 이상 재직하고 연금지급개시연령 이전에 퇴직한 경우 일정비율을 감액한 후 조기에 지급받을 수 있도록 한 연금,It is the pension that allows the school staff who were employed for more than ten years and retired before the age for retirement annuity benefit to receive the pension early after reducing a certain rate of amount before the pension age.  ,9,2018-01-02 9:57,,5
108,정직,Suspension of One`s Duty,"징계처분의 한 종류로 1월 이상 3월 이하의 기간으로 하고, 정직처분을 받은자는 그 기간중 신분은 유지하나 직무에 종사하지 못하며 보수의 2/3를 감함.징계처분의 집행이 종료된 날로부터 18월 동안 승급이 제한되며, 징계처분이 종료된 날로부터 7년이 경과하게 되면 승급기간의 특례에 의하여 징계처분기간을 제외하고 승급의 제한을 받은 기간은 재 산입함.","When one`s duty is suspended from one month to three months as a kind of disciplinary punishment, two thirds of his or her salary is decreased and raising his or her salary grade is restricted for 18 months from the day when the suspension of his or her duty is removed. But after 7 years have passed since suspension of his or her duty was removed, those restricted periods of service can be recovered for his or her career with the exception of the period of suspension.",9,2014-12-23 18:35,,19
107,정기승급,Regular Raise in Salary ,"공무원의 호봉간 승급에 필요한 기간은 1년으로 하며, 매년 1월, 4월, 7월 및 10월의 초일자로 승급함.","The period required for the raise in salary between the pay grades of the public officials is one year, and the public officials` salaries rise as from the first day of January, April, July and October each year.",9,2014-12-23 18:35,,18
106,정근수당 가산금,Additional Allowance for Good Attendance,공무원에게 예산의 범위안에서 근무연수에 따라 보수지급일에 지급하는 가산금을 말함.(과거에는 장기 근속수당이라고 하였음)     ※ 보수월액 산정에 포함되는 수당임.,It refers to the additional pay that is paid to the public officials on the payment date depending on the years of service within the range of budget. (It was formerly known as the long-service allowance.)         ※ It is the allowance that is included in calculating the monthly remuneration.,9,2014-12-23 18:35,,1
105,정근수당,Allowance for Good Attendance,공무원에게 업무수행의 노고에 대한 보상과 권장을 위한 취지에서 지급되는 것으로 예산의 범위안에서 근무연수에 따라 매년 1월과 7월의 보수 지급일에 지급하는 수당을 말함.    ※ 보수월액 산정에 포함되는 수당임.,"Being paid to the public officials for the purpose of rewards and encouragement for the performance of works, it refers to the allowance that is paid on the payment date in January and July each year depending on the years of service within the range of budget.         ※ It is the allowance that is included in calculating the monthly remuneration.",9,2014-12-23 18:35,,1
104,전직,Change of occupation,"교원이 사무직원으로, 사무직원이 교원으로 직이 바뀌었을 때를 말함.",Change of occupation from clerical staff to teacher or vice versa.,9,2018-01-02 9:38,,3
103,전언통신문,Message by Phone,퇴직사유가 발생한 교직원의 퇴직사실을 학교기관에서 전화상으로 통보하는 업무처리의 한 방법을 말함.,It refers to one of the work processes that school institutions notify the retirement over the phone to the school staff for whom the causes of retirement occurred.,9,2014-12-23 18:35,,13
102,전국소비자물가변동율,Fluctuation Rate of Nationwide Consumer Price Index,"전전년도에 대비한 전년도의 전국 소비자 물가 변동율을 기준으로 통계청장이 매년 고시하며, 이를 기준으로 조정된 연금은 연도 1월부터 12월까지 변동 없이 적용하며, 전전년도 대비 전년도의 물가 변동율을 구함에 있어서는 어느 특정월 기준의 물가지수를 구하는 것이 아니라 해당 년도의 1년 동안 평균 물가지수를 비교하는 것임.      ※ 소비자물가변동율 = (전년도  평균전국소비자물가지수 - 전전년도  평균전국소비자물가 지수) / 전전년도 연평균전국소비자물가지수 × 100)","It is notified by the Commissioner of Statistics Korea based on the nationwide consumer price fluctuation rate each year, and the pension which is adjusted based on this is applied from January until December of the year without fluctuation. In obtaining the price fluctuation rate of the previous year as compared to that of the year before last, the price index based on a certain month is not obtained but the average annual price index of the relevant year is compared..           ※ Consumer Price Fluctuation Rate = (Average Nationwide Consumer Price Index of the Previous Year - Average Nationwide Consumer Price Index of the Year before Last ) / Annual Average Nationwide Consumer Price Index of the Year before Last × 100)",9,2014-12-23 18:35,,6
101,재해부조급여,Benefit for the House Damaged by Disasters Benefit,"교직원이 화재ㆍ홍수 등 기타 재해로 인하여 재산에 손해를 입었을 때와 교직원이 사망하거나 교직원의 배우자 또는 직계 존속이 사망한 때에 지급하는 비용에 소요되는 급여를 말함.    ※ 재해부조금, 사망조위금","It refers to the benefit that is required for the expenses paid if school staff`s property was damaged due to disaster such as fire and flood and if school staff or their spouses or direct ancestors died.      ※ Benefit for the House Damaged by Disasters, Death Condolence Allowance",9,2014-12-23 18:35,,2
100,재해부조금 ,Benefit for the House Damaged by Disasters,교직원과 그 배우자 소유의 주택 및 교직원이 상시 거주하는 교직원 또는 그 배우자의 직계존ㆍ비속 소유의 주택이 화재ㆍ홍수ㆍ호우ㆍ폭설ㆍ폭풍ㆍ해일 등의 자연적 또는 인위적 재해로 인해 1/3 이상 유실ㆍ소실ㆍ파괴되었을 때 공무원전체의 기준소득월액의 평균액의 13/10을 지급하는 급여를 말함.,"It refers to the benefit that is paid in 13/10 of the average base monthly income of the entire public officials if the houses owned by school staff and their spouses and the houses owned by the direct ancestors or descendants of school staff or their spouses where the school staff always reside in were carried away, lost or damaged due to the natural or artificial disasters such as fire, flood, heavy snow, tidal waves and so on.",9,2014-12-23 18:35,,2
99,재해보상 부담금 ,Contribution for Disaster Compensation,"교직원의 직무상 질병ㆍ부상ㆍ장애ㆍ사망에 대하여 지급하는 재해보상급여와 화재ㆍ홍수 등 기타 재해로 인하여 재산에 손해를 입은 때, 교직원이 사망하거나 교직원의 배우자 또는 직계존속이 사망한 때 지급하는 재해부조급여에 소요되는 비용으로 학교경영기관이 부담하는 금액","The amount borne by the school management institution as the expense required for disaster compensation benefit that is paid for the school staff`s official disease, injury, disability and death, and the benefit for the house damaged by disasters that is paid when the property was damaged due to the natural disasters like fire and flood and when school staff or their spouses or direct ancestors died.",9,2014-12-23 18:34,,3
98,재해보상 급여 ,Disaster Compensation Benefit,"교직원이 직무로 인하여 질병ㆍ부상ㆍ장애 또는 사망하였을 경우 공단이 학교기관을 대신하여 재해교직원이나 그 유족에게 재해로 인한 손실을 보전해 줌으로써 학교기관의 재정 안정을 도모하고 교직원 및 그 유족의 생활 보호와 복리증진에 기여하기 위한 사회보험적 급여를 말함.   ※ 직무상 요양비, 장해연금 및 장해보상금, 유족보상금이 있음.","It refers to the social insurance type benefit paid by the Foundation to promote the financial stability of school institutions and contribute to the protection of living and welfare promotion of school staff and their survivors by making up to the damaged school staff and their survivors on behalf of school institutions for the losses caused by damage if school staff suffered from disease, injury or disability or died due to the duties.※ There are official medical expenses, disability pension, benefit for the home damaged by disasters and death condolence allowance.",9,2018-01-02 9:36,,4
97,재직기간 합산 승인의 제외 ,Exception in Approval of Combined Employment Period,"합산 승인된 재직기간의 전부 또는 일부를 합산에서 제외해 줄 것을 신청하거나, 반납금을 6월 이상 체납한 경우 합산 제외를 신청한 기간 또는 합산 승인된 재직기간에서 납부한 반납금에 상당하는 재직기간을 공제한 기간을 합산 제외 받을 수 있음. 다만 합산 제외를 받은 자는 이미 제외된 기간을 다시 합산을 신청 할 수 없음.","If the approved combined total employment period is requested for exclusion in whole or in part, or the repayment is fell into arrears for more than six months, exclusion of combined calculation can be accepted for the period which the employment period corresponding to the paid repayment is deducted from the requested period for exclusion or approved combined total employment period.",9,2014-12-23 18:34,,5
96,재직기간 합산 ,Combined Total Employment Period,연금법의 적용을 받았던 과거의 재직기간을 현재의 재직기간에 연결하여 재직기간을 늘리는 제도로 교직원의 신청에 의하여 공단이 승인한 다음에 반납금을 납부하고 재직기간으로 인정받는 것을 말함.,"It is the system that extends the employment period by connecting the employment period in the past which was subject to the Pension Act to the current employment period, and refers to being recognized as the employment period by paying the repayment upon the Foundation`s approval by the request of school staff.",9,2014-12-23 18:34,,3
95,재직기간의 계산 ,Calculation of Employment Period,"교직원으로 임용된 날이 속하는 달부터 퇴직한 날의 전날이 속하는 달까지, 또는 사망한 날이 속하는 달까지의 연ㆍ월수로 이 기간에 임용전 복무기간, 재직기간 합산, 재직기간 소급통산 등에 의한 가산기간을 합하여 산출하며 연금법상 총 재직기간은 36년을 초과하지 못함.","It is the number of years and months from the month to which the date of being appointed as school staff belongs until the month to which the previous day of the retirement date belongs or until the month to which the deathday belongs. It is calculated by adding the added period by the employment period before appointment, combined total employment period and retroactive total of employment period and the total combined period cannot exceed thirty six years.",9,2018-01-02 9:35,,3
94,재직기간 소급 통산,Retroactive Combined Total Employment Period,연금법이 시행되기 전에 사립학교기관에 근무한 기간을 연금법상의 재직기간으로 인정하여 재직기간을 신장시키는 제도를 말함.    ※ 동일법인과 타법인 소급이 있음.,"It refers to the system that recognizes the period of working for private school institutions before the Pension Act was put into effect as the service period in accordance with the Pension Act to extend the employment period.    ※ There are retroactive combined total calculations for the same corporate body and other corporate bodies, respectively.",9,2014-12-23 18:34,,18
93,재직기간,Employment Period,"연금법의 적용을 받은 기간을 말하며, 부담금(반납금) 납부기간과 일치하는 것이 원칙으로 재직기간은 급여 산정액의 기초로서 재직기간이 길면 길수록 더 많은 급여를 받게되고 재직기간이 10년 이상이 될 경우에는 연급 수급이 가능하게 되는 등 연금법상 여러 가지 수혜의 기준이 됨.","It refers to the period to which the Pension Act is applied and, in principle, is consistent with the payment period of the contribution (the returned benefit). The employment period, the basis of calculating the benefit, is the criteria of such several advantages of the Pension Act that more benefits can be received with the longer employment period and the pension can be received if the employment period is longer than ten years.",9,2018-01-02 9:34,,5
92,재임용신고,Notice of Re-appointment,"교직원이 퇴직하여 퇴직급여 및 퇴직수당을 수령하지 아니하고 퇴직일 또는 익일자에 임용되었거나, 일정기간이 경과된 후 퇴직수당만 수령하고 학교기관에 임용되는 경우를 말함.","It refers to the case when school staff retired and were reappointed on the retirement date or the next day without receiving retirement benefit and retirement allowance after retirement, or are appointed by a school institution with receipt of retirement allowance only after a certain period of time passed. ",9,2014-12-23 18:34,,14
91,장해연금,Disability Pension,교직원이 직무상 질병 또는 부상으로 인하여 장애 상태가 되어 퇴직하거나 퇴직후 그 질병 또는 부상으로 장애 상태가 된 경우 연금으로 지급되는 급여를 말함.    ※ 장해연금액 = 기준소득월액 × 지급률(장애 등급에 따라 52～9.75%임),It refers to the benefit that is paid as a pension if the school staff retired after being disabled due to the official disease or injury or are disabled due to that disease or injury after retirement.      ※ Amount of Disability Pension  = Base Monthly Income × Payment Rate (52～9.75% depending on the disability grade),9,2018-01-02 9:33,,4
90,장해보상금,Disability Compensation,장해연금과 동일한 요건이나 교직원이 원하는 경우 장해연금에 갈음하여 장해연금액의 5년분이 일시금으로 지급되는 급여를 말함.,"This benefit is paid in a lump sum under the same condition as the disability pension, at the request of the school staff as a substitution for disability pension. The amount of this benefit is as much as the disability pension of five years.",9,2014-12-23 18:34,,4
89,장제비,Funeral Grant,장례와 제사를 치르는 비용을 말함.,It refers to the expenses to hold funerals and memorial services.,9,2014-12-23 18:34,,6
88,장기급여,Long-term Benefit,"교직원이 퇴직, 장애 또는 사망으로 급여의 사유가 퇴직후에 발생한 급여를 말함.    ※ 퇴직급여, 장해급여, 유족급여","It refers to the benefit for which reason occurred after retirement due to the school staff`s retirement, disability or death.     ※ Retirement Benefit, Disability Benefit, Survivor`s Benefit",9,2014-12-23 18:33,,12
87,자격변동,Change of  Eligibility,"초,중고교 교원은 자격이 변동되면 호봉산정기준을 달리 하므로 호봉 재획정을 하여야 함.","As the pay grade calculation criteria of the elementary, secondary and high school teachers should be varied if the eligibility changed,  the pay grade should be redefined.",9,2014-12-23 18:33,,3
86,임의지정기관,Optionally Designated Institution,"당연 적용기관에 해당하지 않는 사립학교 및 학교경영기관 중 교육부 장관이 지정하는 사립학교와 이를 설치ㆍ경영하는 학교경영기관과 연구기관을 말함.    ※ 유치원, 각종학교, 공민학교, 고등기술학교","It refers to the private schools and the private schools designated by the Minister of Education among the school management institutions and the school management institutions and research institutes that install and manage them.    ※ Preschools, Various Schools, Civic Schools, High Technical Schools",8,2018-01-02 9:33,,15
85,임용전 복무기간 산입 제외 기간 ,Exclusion from the Military Service Periods before One`s Employment ,"복무 기간이 6월 미만인 실역 미필 보충역, 후보생 기간(장교 및 부사관), 복무기간 중 감축기간( 형 집행일 수, 근무 이탈일 수, 영창일 수), 국토건설단 요원의 복무기간, RNTC 훈련기간, 특례 보충역의 실무 종사 기간을 말함.","Such periods of military service as the following are excluded from one`s career.(ⅰ)  less than 6 months` period of military service as a reserve conscript (ⅱ)  the period of military service as a military officer candidate or a noncommissioned officer (ⅲ)  the period of military service reduced because of one`s prison life, desertion from barracks, or detention from disciplinary punishment (ⅳ)  the period of service in the National Construction Corps (ⅴ)  the period of training in RNTC(Reserved Noncommissioned - officer Training Corps) (ⅵ)  the period of service as a special reserve conscript ",7,2014-12-23 18:28,,5
84,임용전 복무기간 산입 ,Inclusion of Service Period before Appointment,1948년 8월 15일 이후 현역병 및 지원에 의하지 아니하고 임용된 부사관의 실역 복무기간은 교직원의 신청에 의하여 그 기간을 재직기간에 산입할 수 있음.,The active service period that the servicemen and the noncommissioned appointed not voluntarily  can be included in the employment period at the request of school staff.,8,2014-12-23 18:32,,9
83,임용일 ,Appointment Date,교원은 사립학교법 제54조의 규정에 의하여 관할청에 보고된 임용 일자를 말하며 사무직원은 사립학교법 제70조의 2의 규정에 의하여 정관상 직(등)급별 정원의 범위 내에서 임용된 임용일자를 말함.,"For teachers, it refers to the appointment date reported to the competent authorities in accordance with the provisions of Article 54 of the Private School Act for teachers. For clerical staff, it refers to the appointment date on which they are appointed within the number by position prescribed in the articles of incorporation in accordance with the provisions of Article 70, Clause 2 of the Private School Act.",8,2014-12-23 18:32,,1
82,이중수혜자 ,Dual Beneficiary,"연금법의 적용대상자가 공무원연금법, 군인연금법, 국민연금법 등 타 연금법의 적용을 받고 있거나 받은 경우를 말함.","It refers to the case when the Public Officials Pension Act, Military Pension Act and National Pension Act are being applied or were applied for the person eligible for the Pension Act.",8,2014-12-23 18:31,,4
81,유족일시금 ,Amount of Survivor`s Lump Sum Allowance,재직기간이 10년 미만인 교직원이 재직중 사망한 때에 지급하는 급여임.    ※ 유족일시금액 = 퇴직일시금액과 동일함.,It is the benefit paid in a lump sum when the school staff with the employment period of less than ten years died while in office.     ※ Amount of Survivor`s Lump Sum Allowance  = Same with the amount of lump sum allowance for retirement,8,2018-01-02 9:32,,1
80,유족의 우선 순위 ,Priority of Survivors,"급여를 받을 유족의 우선 순위는 민법상의 상속의 순위에 의함.    * 민법 제 1000조 내지 1003조에 의하여 상속의 순위는 피상속인의 직계비속ㆍ직계존속의 순위며, 동순위의 상속인이 2인 이상인 때에는 최근친을 선순위로 하고, 배우자는 다른 직계존ㆍ비속의 유족중 선순위의 유족과 동순위가 되며, 다른 유족이 없을 경우에는 단독 상속인이 됨.","The priority of the survivors who will receive the benefit is based on the ranking for inheritance by the Civil Law.       * The ranking for inheritance pursuant to the Article 10009 to Article 1003 is in the order of direct descendents and direct ancestors of the inheritee. If there is more than one heir in the same ranking, the nearest relative has the priority, and the spouse is the same ranking with the priority survivor among the survivors of other direct ancestors and descendents, and when there is no other survivors, the only survivor becomes the sole heir. ",8,2014-12-23 18:31,,16
79,유족연금특별부가금,Survivor`s Special Additional Allowance,퇴직후 연금수급연령에 도달하기 전에 사망하여 퇴직연금 또는 조기퇴직연금을 지급받지 못하였거나 퇴직연금 또는 조기퇴직연금 수급권자가 퇴직후 3년 이내에 사망한 경우 지급하는 급여    ※ 유족연금특별부가금 = 퇴직연금일시금액 ×1/4 × (36-연금수급월수) × 1/36,It refers to the benefit that is paid if school staff died after retirement before reaching the pension age and thus did not receive the retirement annuity or early retirement annuity or if the beneficiaries of the retirement annuity or early retirement annuity died within three years after retirement.        ※ Survivor`s Special Additional Allowance = Amount of Lump Sum Allowance of Retirement Annuity ×1/4 × (36-Months of Pension Receipt) × 1/36,8,2014-12-23 18:31,,19
78,유족연금일시금,Lump Sum Allowance of Survivor`s Pension,재직기간이 10년 이상인 교직원이 재직중 사망하여 그 유족이 유족연금과 유족연금부가금에 갈음하여 일시불로 지급하는 급여    ※ 유족연금일시금액 = 퇴직연금일시금액과 동일,It refers to the benefit that is paid in a lump sum to the survivors as the substitution for the survivor`s pension and survivor`s additional allowance if the school staff with the employment period of more than ten years died while in office.        ※ Amount of Lump Sum Allowance of Survivor`s Pension = Same with the amount of lump sum allowance of retirement annuity,8,2018-01-02 9:32,,12
77,유족연금수급자,Beneficiary of Survivor`s Pension,"재직기간이 10년 이상인 교직원이 재직중 사망하고 유족이 연금을 원할 때, 또는 퇴직연금, 조기퇴직연금, 장해연금수급자가 사망하였을 때 그 유족에 해당하는 자를 말함.","It refers to the school staff`s survivors when the school staff with the employment period of more than ten years died and the survivors want a pension, or that is paid to the survivors when the pensioners of retirement annuity, early retirement annuity and disability pension died.",8,2018-01-02 9:29,,2
76,유족연금부가금,Survivor`s Additional Allowance,교직원이 재직중에 사망하여 유족이 연금으로 청구한 때에는 연금에 부가하여 일시불로 지급하는 급여    ※ 유족연금부가금 = 퇴직연금일시금액 × 1/4,It refers to the benefit that is paid in a lump sum in addition to the pension when the survivors demanded the allowance as a pension if school staff died while in office.  ※ Survivor`s Additional  Allowance = Amount of Lump Sum Allowance of Retirement Annuity × 1/4,8,2014-12-23 18:30,,19
75,유족연금,Survivor`s Pension,"재직기간이 10년 이상인 교직원이 재직중 사망하고 유족이 연금을 원할 때, 또는 퇴직연금, 조기퇴직연금, 장해연금수급자가 사망하였을 때 그 유족에게 지급하는 연금급여    ※ 유족연금액 = 퇴직연금(또는 장해연금) × 60% ","It is the benefit that is paid when the school staff with the employment period of more than ten years died and the survivors want a pension, or that is paid to the survivors when the pensioners of retirement annuity, early retirement annuity and disability pension died.      ※ Amount of Survivor`s Pension = Retirement Annuity (or Disability Pension) × 60%",8,2018-01-02 9:29,,19
74,유족보상금,Survivor`s Compensation Allowance,"교직원이 직무상 질병 또는 부상으로 인하여 재직중에 사망하거나, 퇴직 후 그 질병ㆍ부상으로 인하여 사망한 때에 그 유족에게 지급하는 급여를 말함.     ※ 유족보상금은 교직원 또는 교직원이었던 자의 기준소득월액의 23.4배에 상당하는 금액임.",It refers to the benefit that is paid to the survivors if school staff died while in office due to the official disease or injury or died due to that disease or injury after retirement.    ※ The amount of the survivor`s compensation allowance is equivalent to the amount of 23.4 times of the base monthly income of the school staff or those who were school staff.,8,2018-01-02 9:28,,19
73,유족,Survivors,"유족은 교직원 또는 급여를 받을 권리를 가진 교직원이었던 자가 사망할 당시 그에 의해 부양되고 있던 배우자(사실상 혼인관계에 있던 자를 포함한다), 자녀, 부모, 손자녀 및 조부모를 말하며 태아는 이미 출생한 것으로 본다.(퇴직일 이후에 혼인한 배우자, 출생 또는 입양한 자녀, 손자녀, 부모, 조부모는 제외됨) 다만 자녀는 장애 등급이 7등급 이상이거나 19세 미만인 자이며 손자녀는 그 부가 없거나 그 부의 장애 등급이 7등급 이상인 경우로 손자녀의 장애 등급이 7등급 이상이거나 19세 미만인 자에 한함.","The survivors refer to the school staff or the spouses (including the persons who were in the relationship of putative marriage), children, parents, grandchildren, and grandparents) who were being supported by the school staff who have the right to receiving benefit at the time when they died, and it is deemed that the fetus was already born (the spouses who got married and the children, grandchildren, parents and grandparents who were adopted after the retirement date are excluded). However, this is applied only to the children with disability grade higher than the 7th grade or under the age of nineteen, to the grandchildren who have no father, or to the grandchildren with the disability grade higher than the 7th grade or under the age of nineteen in case their father`s disability grade is higher than the 7th grade.",8,2018-01-02 9:28,,19
72,원리금균등분할상환 ,Equal Repayment of Principal and Interest,"대여금액, 상환기간, 이자율을 감안하여 원리금을 산정하여 상환 시작월부터 만기월까지 매월 같은 금액을 상환하는 방법을 말함.    ※ 이자율이 변동되면 원리금도 변동됨.","It refers to the method of repaying the same amount each month from the month of starting repayment to the month of expiration by calculating the principal and interest in consideration of the loan amount, repayment period and interest rate.      ※ If the interest rate is changed, the principal and interest is also changed.",8,2014-12-23 18:30,,5
71,요양취급기관,Medical Institution,"국민건강보험법 제40조의 규정에 의한 요양기관을 말하며, 의료법에 의하여 개설된 의료기관과 약사법에 의하여 등록된 약국 또는 지역보건법에 의한 보건소, 보건의료원 및 보건지소와 농어촌등 보건의료를 위한 특별조치법에 의하여 설립된 보건진료소등이 있음.","It refers to the medical care institutions pursuant to provisions of Article 40 of the National Health Insurance Act, and includes the medical institutions established under the medical law, the pharmacies registered under the pharmacy law or the health centers, medical centers and medical sub-centers under the local health law and the health clinics established under the special laws for rural health and medical service such as rural health sub-centers.",8,2014-12-23 18:30,,13
70,연체금,Arrears,"개인부담금, 법인부담금, 재해보상부담금 및 합산반납금을 소정의 기일까지 납부하지 아니한 때에는 그 지연 납부한 부담금에 대해 대통령령이 정하는 연체이자를 가산하여 징수하는 금액을 말함.","It refers to the amount that is paid by adding the overdue interest rate for the delayed contribution defined by the Presidential Decree when the personal contribution, corporate contribution, national contribution, contribution for disaster compensation and combined repayment are not paid by the prescribed due date.   ",8,2018-01-02 9:27,,1
69,연대보증인,Joint Surety,주 채무자가 채무를 이행하지 않을 경우에 그 채무를 연대하여 부담하는 사람을 말함.,It refers to those who are responsible for the debt jointly and severally when the main debtors do not fulfill the obligations to repay their debts.,8,2014-12-23 18:30,,10
68,연금청산지급 ,Clearing-off Payment of Pension,"연금을 받을 권리가 있는 자가 외국에 이민하게 된 때, 그리고 국적을 상실한 때에는 수급방법상의 어려움 등으로 본인이 원하는 바에 따라 연금에 갈음하여 출국하는 달 또는 국적을 상실하는 달의 다음 달을 기준으로 한 4년 분의 연금에 상당하는 금액을 일시에 청산하여 지급 받을 수 있음.","If the persons who are entitled to receive a pension emigrate to a foreign country or lost the nationality, due to the difficulty in the method of receiving the pensions, the amount equivalent to the pension for four years based on the following month of the month of leaving Korea or losing the nationality can be cleared and paid in a lump sum at the request of the beneficiaries in substitution for the pension.",8,2014-12-23 18:30,,3
67,연금지급정지대상 ,Suspension of Annuity Payment,"연금수급권자가 사립학교교직원 연금법, 공무원연금법 또는 군인연금법의 적용을 받는 교직원, 공무원 또는 군인으로 임용되어 보수 또는 이에 준하는 급여를 받게 된 경우","It refers to the case that the beneficiaries of pension are appointed as school staff, public officials or soldiers who are subject to the application of the Private School Teachers` Pension, Public Officials` Pension or Military Pension and receive the salary or equivalent benefit.",8,2014-12-23 18:30,,19
66,연금지급일,Pension Payment Date,"연금인 급여의 지급은 매월 25일로 한다. 다만 지급일이 토요일이거나 공휴일인 경우에는 그 전일에 지급하며, 연금수급권이 소멸되는 경우에는 그 지급일 전에 이를 지급할 수 있음.","The payment date of benefit for pensioners is 25th day of every month. However, if the payment day falls on Saturday or a public holiday, it is paid in the previous day, and in case that the pension right ceases to exist, it can be paid before that payment day.",8,2014-12-23 18:30,,16
65,연금정보통신서비스,Pension Information and Communication Services,"공단은 정보화 시대를 맞이하여 교직원의 알 권리를 충족하고, 투명하고 신속한 연금업무 서비스를  제공하기 위하여 1999년도부터 인터넷을 기반으로 사학연금 제도 안내, 경영공시, 통계자료 등 일반적인 연금정보와 연금급여, 대여, 부담금 사항 등 개인의 연금정보 조회 및 온라인 상담, 증명서 온라인 발급 등의 서비스와 교직원의 각종 신분변동 신고 및 대여신청 등을 온라인으로 처리하고 부담금의 고지를 우편 대신 이메일로 고지하는 등 효율적인 업무처리를 위해 공단이 운영하는 연금정보 종합시스템을 말함.","It is the comprehensive pension information system operated by the Foundation to meet the school stuff`s rights to know and to provide the clear and prompt pension business services at the era of information and to ensure the effective internet-based online handling of the businesses which include the general pension information such as the provision of information on the Private School Teacher`s Pension, management announcement and statistical data, and the personal pension information such as inquiries on pension benefits, loans and contribution, and the services such as online counseling and online issue of certificates and the notice of various shifts in school staff`s status and loan application, and the notice of contribution by e-mail instead of mail.",8,2014-12-23 18:29,,16
64,연금액의 조정 ,Adjustment of Pension,"연금인 급여는 통계청장이 매년 고시하는 전전년도와 대비한 전년도 소비자 물가 변동율에 해당하는 금액을 증액 또는 감액하여 당해연도 1월부터 12월까지 적용하며, 공무원보수변동률, 전국소비자 물가 변동율 등을 고려하여 행정안전부장관이 국방부장관, 교육부 장관 및 기획재정부장관 등과 사전에 협의하여 조정할 수 있음.","The benefit for pensioners  is applied from January until December of the year by increasing  or decreasing the amount corresponding to the consumer price fluctuation rate of the previous year as compared to that of the year before last which is notified by the Commissioner of Statistics Korea every year. Taking the public officials` remuneration fluctuation rate and the  nationwide consumer price fluctuation rate into account, the Minister of Public Administration and Security can adjust it by consultation with the Minister of National Defense, the Minister of Education and the Minister of Strategy and Finance in advance.",8,2018-01-02 9:26,,1
63,연금액의 이체 ,Transfer of Pension Amount,"공무원연금법, 군인연금법에 의한 퇴직연금, 퇴역연금 도는 조기퇴직연금 수급권자가 교직원으로 임용되어 재직기간의 합산을 받은 후 퇴직하거나 사망한 경우에는 공무원연금공단 또는 국방부장관은 그 퇴직한 자 또는 그 유족이 공무원연금법 또는 군인연금법에 의하여 지급 받을 수 있는 퇴직연금, 퇴역연금, 조기퇴직연금 또는 유족연금에 상당하는 금액을 공단에 이체하는 것을 말함.","It refers to the transfer by the Government Employees Pension Service or the Minister of National Defense for the amount equivalent to the Retirement Annuity, Military Retirement Pension, Early Retirement Annuity or Survivor`s Pension that the retired people or their survivors are entitled to receive in accordance with the Military Pension Act in case that the beneficiaries of the Public Officials` Pension Act, Retirement Pension by the Military Pension Act, Military Retirement Pension or Early Retirement Annuity who were appointed as school staff and were granted the combined total employment period.",8,2014-12-23 18:29,,20
62,연금수급자,Pension Beneficiary,10년 이상 재직한 교직원이 퇴직후 공단으로부터 연금인 급여를 받는 자와 직무상 질병ㆍ부상으로 인하여 장애 상태가 되어 장해 연금을 받는 자를 말함.,It refers to the school staff who were employed for more than ten years and receive the benefit for pensioners from the Foundation after retirement and the school staff who receive the disability pension after being disabled due to the official disease or injury.,8,2018-01-02 9:26,,16
61,연금법 적용 대상학교기관,Eligible School Institutions for Pension Act ,사립학교법 제3조에 규정된 사립학교 및 이를 설치. 경영하는 학교경영기관과 초ㆍ중등교육법 제2조 제5호의 특수학교 중 사립학교 및 이를 설치ㆍ운영하는 학교경영기관 또는 기타 사립학교 중 교육부 장관이 지정하는 사립학교 및 연구기관을 말함.,"It refers to the private schools and the school management institutions that install and manage the private schools, and the private schools and school management institutions among the special schools in the Article 2, Subparagraph 5 of the Elementary and Secondary Education Act or the private schools and the research institutes designated by the Minister of Education among other private schools. Science and technology are all under the Pension Act.",8,2018-01-02 9:25,,5
60,연금법 적용 대상,Eligible Individuals for Pension Act,"연금법 적용 대상 학교 및 학교 경영기관에 근무하는 교직원으로서, 교원은 사립학교법 제54조의 규정에 의하여 관할청에 임용(임명) 보고된 자, 사무직원은 사립학교법 제 70조의 2 규정에 의하여 학교기관의 정관상의 직급별 정원 범위 내에서 임명된 자를 말함.","It refers to the school staff who work for schools and school management institutions, and the teachers are those who were reported the appointment to the competent authorities in accordance with the provisions of the Article 54 of the Private School Act and the clerical staff are those who were appointed within the number by position prescribed in the articles of incorporation of the school institution in accordance with the provisions of Article 70, Clause 2 of the Private School Act.",8,2015-02-07 16:00,,5
59,연금기금 ,Pension Fund,"연금법에 의한 급여에 충당하기 위한 책임준비금을 말하며, 기금은 매 회계연도에 공단의 예산에 계상된 적립금 및 결산잉여금과 기금운용 수익금으로 조성됨.","It refers to the liability reserve to be allocated for the benefit in accordance with the Pension Act, and the fund is raised by the reserve fund and settlement surplus appropriated for the budget of the Foundation each fiscal year.",8,2014-12-23 18:29,,16
58,심사청구,Appeal for Review,"급여에 관한 결정 또는 부담금의 징수 기타 이 법에 의한 처분 또는 급여에 관하여 이의가 있는 자가 급여재심위원회에 그 심사를 청구할 수 있도록 한 제도이며, 심사의 청구는 처분이 있은 날로부터 180일, 그 사실을 안 날로부터 90일 이내에 하여야 함.","It is the system which enables the person who has objections to the decision about benefit or collection of contribution and other disposition or benefit under this Act to claim the review to the Appeal Commission for Benefits, and the claim for review should be made with 180 days from the date of disposition and within 90 days from the date when the fact was known.",7,2014-12-23 18:28,,1
57,신분변동 ,Shift of Status,"교직원이 재직하는 동안 기준소득월액에 영향을 미치는 신분상의 모든 변동사항을     말함.   - 전직, 자격변동, 직위변동, 승진, 정직, 휴직, 복직 , 징계 등","It refers to all shifts in the status affecting the base monthly income during the service period of school staff.- Change of occupation, change in eligibility, change in position, suspension, disciplinary action, etc.",7,2014-12-23 18:28,,19
56,신규임용신고,Notice of Appointment,"연금법 적용을 받음에 있어 필요한 부담금 및 급여금 지급의 산정 기초가 되는 기준소득월액을 정하기 위한 절차로서 학교기관에서는 교직원이 임용되면 직위(직급), 임명연월일, 근무일수, 소득총액 등을 기재한 교직원임용신고서를 제출하도록 하여 이에 의하여 기준소득월액을 정함.","It is the procedure to determine the base monthly income that is the basis of the calculation of the payment for the contribution and benefit required when applying the Pension Act. In school institutions, when appointing school staff, the school staff appointment declaration in which positions (titles), days of working, total income, etc. are specified is needed to determine the base monthly income.",7,2014-12-23 18:28,,14
55,시효,Prescription,"연금법에 의한 급여를 받을 권리의 시효는 그 급여의 사유가 발생한 날로부터 직무상 요양비ㆍ직무상 요양 일시금ㆍ재해부조금ㆍ사망조위금 등 단기급여에 있어서는 3년이고, 퇴직급여ㆍ장해급여ㆍ유족급여ㆍ퇴직수당 등 장기급여에 있어서는 5년 동안 권리를 행사하지 아니한 때에는 시효로 인하여 급여를 받을 권리가 소멸함.","The prescription of right to receive the benefit in accordance with the Pension Act is three years from the date when the reason for the benefit occurred for the short-term benefits such as official medical expenses, official medical lump-sum allowance, benefit for the home damaged by disasters and death condolence allowance. And, for the long-term benefits such as retirement benefit, disability benefit, survivors` benefit and retirement allowance, if the right is exercised for five years, the right to receive the benefit ceases due to the prescription.",7,2014-12-23 18:28,,16
54,승진,Promotion,상위의 직위로 임용되는 것을 말함.,It refers to being appointed to the higher position.,7,2014-12-23 18:27,,16
53,승급제한 ,Limitation of Salary,"징계처분, 직위해제 또는 휴직에 있는 경우 승급을 제한함.","In case of disciplinary action, administrative release or leave of absence, the salary rise is limited.",7,2014-12-23 18:27,,12
52,승급 ,Salary Raise,"일정한 재직기간의 경과, 기타 법령의 규정에 의하여 현재의 호봉보다 높은 호봉을 부여하는 것을 말함.",It refers to granting the pay grade higher than the current one in accordance with a certain  employment period elapsed and the provisions of other laws.,7,2014-12-23 18:27,,19
51,수당,Allowance,직무여건 및 생활 여건 등에 따라 지급되는 부가급여를 말함.,It refers to the additional pay that is paid depending on the work conditions and living conditions.,7,2014-12-23 18:27,,1
50,소급통산의 종류 ,Type of Retroactive Combined Total Calculation,동일법인 내의 학교 기관에서 퇴직한 적이 없이 현재까지 계속 근무한 기간에 대한 소급통산(동일법인 소급통산)과 현재의 학교기관이 속하는 법인이 아닌 다른 법인의 학교기관에서 근무한 기간 또는 동일법인 내일지라도 한번 퇴직하고 재임용된 경우의 재임용전의 근무기간에 대한 소급통산(타법인 소급통산)이 있음.,"There is a retroactive combined total calculation for the service period of working for the school institution within the same corporate body up to the present without retiring (retroactive combined total calculation for the same corporate body), and there is a retroactive combined total calculation for the service period of working for the school institution of the corporate bodies other than the current one to which the current school institution belongs or for the service period prior to the re-appointed in case that a person retired once before and was re-appointed even within the same corporate body (retroactive combined total calculation for the other corporate bodies),",7,2014-12-23 18:27,,20
49,생활자금 대여 ,Loan for Living Expenses,"교직원 및 연금 수급자의 생활 안정을 위해 필요한 자금을 저리로 대여하는 것으로 퇴직급여의 1/2 범위 내에서 6,000만원까지(연금 수급자는 1,000만원까지) 대여함.",It is to lend the fund required to stabilize the living of school staff and pensioners in low interest rate up to sixty million won (ten million on for pensioners) to the extent of the 1/2 of the retirement annuity benefit.,7,2018-01-02 9:23,,12
48,사학연금 서비스 헌장 ,Teachers` Pension Service Charter,"공단이 수행하는 제반 업무 중 학교기관 및 교직원을 대상으로 하는 모든 업무에 적용되며 특히 연금법에서 규정하는 연금제도의 운영과 직접 관련되는 업무, 즉 부담금의 징수, 제 급여의 결정과 지급, 교직원 복지 사업의 수행과 관련된 제반 업무 처리시 적용되는 구체적인 이행 표준을 말함.","It is applied to all businesses of the whole businesses which are performed by the Foundation targeting the school institutions and school staff. In particular, it refers to the specific implementation standards that are applied when handling the businesses directly related to the operation of pension scheme defined in the Pension Act such as collection of contribution, determination and payment of all benefit and the whole businesses which are associated with the performance of welfare business for school staff.",7,2014-12-23 18:27,,20
47,산업체 경력 ,Work Experience in Industry,"교원의 실업계 분야 현장근무 경력으로 실업계 교원 자격증을 취득하고 법인 단체, 민간 기업체 등에서 담당과목과 동일한 분야의 업무에 정규직원으로 근무한 경력을 말함.","It is the work experience of working on the site of the vocational field, and refers to the experience of working for the corporate bodies and private businesses as the full-time employee in the same field with the duties after acquiring the certificates of teachers.",7,2014-12-23 18:27,,23
46,사무직원 ,Clerical Staff,사립학교법 제 70조의 2 규정에 의하여 학교기관의 정관상의 직급별 정원 범위 내에서 임용된 자를 말함,"It refers to those who were appointed within the number by position prescribed in the articles of incorporation of the school institution in accordance with the provisions of Article 70, Clause 2 of the Private School Act.",7,2014-12-23 18:27,,3
45,사망조위금 ,Death Condolence Allowance,"(가) 교직원의 배우자, 부모(배우자 부모 포함) 또는 자녀가 사망한 때에는 당해 교직원      에게 지급 한다.       이 경우 부양사실에 관계없이 사망한 자의 직계비속인 차남, 차녀인 경우도 수급권      자에 포함된다. (나) 교직원이 사망한 경우에는 배우자에게 사망조위금을 지급하되, 배우자가 없는 경우      에는 장례와 제사를 모시는 자에게 지급한다. ※ 지급대상이 아닌 경우 - 교직원의 계부모가 사망한 경우는 부모에 해당되지 않으므로 사망조위금 지급 대상이    아님. - 교직원의 배우자 또는 부모가 사망한 경우에는 사망자의 배우자 및 직계비속 등의 교   직원 중 최선순위자만이 청구할 수 있으므로 청구 교직원이외의 교직원이 있는지 여   부를 정확히 확인하여 청구하여야 함.지급대상:2009.12.31이전 -본인, 배우자, (배우자)직계존속               ※배우자 직계존속: 실제 부양한 경우에 한함              2010.01.01 이후-본인, (배우자)부모, 자녀(신설)               ※배우자부모: 부양여부 관계없음               ※(외)조부모는 제외됨              2011.05.19 이후-본인, (배우자)부모, 자녀(신설)               ※배우자부모: 부양여부 관계없음               ※(외)조부모는 제외됨지급액:본인 2009.12.31이전 : 보수월액의 3배                  2010.01.01 이후: 기준소득월액의 100분의 195%                  2011.05.19 이후: 기준소득월액의 100분의 195%           가족 2009.12.31이전 : 보수월액의 1배                  2010.01.01 이후: 기준소득월액의 100분의 65%                  2011.05.19 이후: 공무원 전체의 기준소득 월액평균액의 65%","(A) It is paid to the relevant school staff when the school staff`s spouses, parents (including spouses` parents) or children died. In this case, regardless of the fact of support, the second sons and second daughters who are the direct descendants of the dead are included in the beneficiaries.      (B) If school staff died, the death condolence allowance is paid to the spouses. However, if there is no spouse, it is paid to the person who hosts the funeral and memorial service. ※ Cases which are ineligible for payment- If the stepmothers or stepfathers died, the death condolence allowance is not paid as they are not parents.- As the spouses and direct descendants of the dead only can demand the death condolence allowance   if the spouses or parents of school staff died, it should be exactly checked before demanding the death condolence allowance if there are school staff other than the demanding school staff.Persons Eligible for Payment : Before December 31, 2009                                            - School Staff, Spouses, (Spouses`) Direct Ancestors                                             ※Souses` Direct Ancestors  : Only if they were actually supported.                                           After January 1, 2010                                           -School Staff, (Spouses`) Parents, Children (New)                                         ※Spouses` Parents: Regardless whether they were supported or not                                         ※(Maternal) Grandparents are excluded.                                          After May 19, 2011                                          -School Staff, (Spouses`) Parents, Children (New)                                         ※Spouses` Parents: Regardless whether they were supported or not                                         ※(Maternal) Grandparents are excluded.Amount To Be Paid : School Staff : Before December 31, 2009 (3 x monthly salary)                                                  After January 1, 2010(195/100% of base monthly income)                                                  After May 19, 2011(195/100% of base monthly income)                              Family :         Before December 31, 2009 (1 x monthly salary)                                                  After January 1, 2010(65/100% of base monthly income)                                                  After May 19, 2011(65% of the average base monthly income of the entire public officials)",7,2018-01-02 9:22,,4
44,사립학교법 ,Private School Act,사립학교의 특수성에 비추어 그 자주성을 확보하고 공공성을 앙양함으로써 사립학교의 건전한 발달을 도모함이 그 목적인 법.   ※ 사립학교라 함은 학교법인 또는 공공단체 이외의 법인 기타 사인이 설치하는 교육법 제81조에 규정된 학교를 말함.,The act which has the purpose of promoting healthy development of private schools by securing the independence and uplifting the publicness in the light of the distinct characteristics of the private schools.         ※ Private schools refer to the schools defined in Article 81 of the Education Act which are installed by school foundations or corporations and individuals other than the public entities.,7,2014-12-23 18:27,,16
43,사립학교교직원연금운영위원회,Steering Committee of Korea Teachers` Pension,"연금제도에 관한 사항, 연금재정에 관한 사항, 기금운용계획 및 결산에 관한 사항과 기금에 의한 교직원  후생복지사업에 관한 사항 등을 심의하기 위하여 공단에 설치된 운영위원회를 말함.    ※ 이 위원회에는 교직원 대표와 학교법인 경영자 대표, 정부 대표와 전문가, 그리고 시민운동 대표자가 포함되어 있다.","It refers to the steering committee installed in the Foundation to review the matters on the pension plans, pension finance, fund operation plan and settlement and welfare business for school staff.     ※ The representative of the school staff, representative of school foundation executives, government representative and representative of civic movement are included in this Committee.",7,2014-12-23 18:27,,19
42,비용부담의 원칙 ,Principle of Cost Sharing,"급여 기타 연금법을 운영하기 위하여 소요되는 비용은 그 비용의 예상액과 개인부담금, 국가부담금, 법인부담금, 재해보상부담금 및 그 예정 운용수익금의 합계액이 장래에 있어서 균형이 유지되도록 하여야 하며, 이 경우 급여에 소요되는 비용은 적어도 5년마다 다시 계산하여야 함.","As for the benefit and other expenses required for the operation of the Pension Act, the sum of the estimated amount of the expenses and personal contribution, national contribution, corporate contribution, contribution for disaster compensation and the expected operational profits should be  maintained in balance for the future, and the expenses required for the benefit in this case should be recalculated at least every five years.",6,2014-12-23 18:26,,16
41,부담금,Contribution,"급여에 소요되는 주재원으로 개인부담금, 법인부담금, 국가부담금, 재해보상부담금 및 퇴직수당부담금이 있음.","As the major financial resources required for the benefit, there are personal contribution, corporate contribution, national contribution, contribution for disaster compensation and retirement allowance contribution.",6,2014-12-23 18:26,,3
40,봉급,Salary,"직무의 곤란성 및 책임의 정도에 따라 직책별로 구분되는 기본급여 또는 직무의 곤란성 및 책임의 정도와 재직기간 등에 따라 계급별, 호봉별로 지급되는 기본급여를 말함.",It refers to the basic pay divided by position depending on the degree of difficulties and responsibilities of duties or to the basic pay paid by class and pay grade depending on the degree of difficulties and responsibilities of duties and the employment period.,6,2014-12-23 18:26,,19
39,복직,Reinstatement,휴직ㆍ직위해제 또는 정직중에 있는 교직원이 직위에 복귀하는 것을 말함.,"It refers to returning to the position of the school staff who are under leave of absence, relief of duties and suspension.",6,2014-12-23 18:26,,18
38,보수평균 ,Average Remuneration,"승진, 강임이나 강등, 전직, 보직변경 또는 재임용으로 인하여 보수월액이 증감된 후 1년 이내에 장기급여의 사유가 발생한 때에는 증감전후의 보수를 평균하여 급여액 산정의 기초로 함.","If the reason for long-term benefit occurred within one year after the monthly remuneration is increased or decreased due to promotion, demotion, degradation, change of occupation, change of assignment  or re-employment, the benefit shall be calculated by averaging out at the remuneration of before and after the increase and decrease.",6,2014-12-23 18:26,,1
37,보수월액,Monthly Remuneration,"교직원이 근무하는 학교 및 경영기관에서 실제로 받고 있는 보수액에 불구하고 공무원 보수 규정에 의하여 당해 교직원의 직위, 자격 및 경력 등에 따라 산정되는 표준봉급월액과 공무원 수당규정으로 정하는 수당 정근, 정근수당가산금의 연지급액을 12월로 평균한 금액을 합한 금액을 말함.※ - 보수월액 = 표준봉급월액 + (정근수당연액 + 정근수당가산금연액) / 12      - 부담금 및 급여액 산정의 기초가 됨.","It refers to the sum of amount of the base monthly salary which is calculated depending on the school staff`s positions, eligibility and work experiences of the year in accordance with the provisions of the salary for public officials regardless of the salary actually received from their schools or management institutions and the 12-month averaged amount of allowance for good attendance and additional allowance for good attendance prescribed by the regulations of allowance for public officials.   ※ - Monthly Remuneration = Base Monthly Salary + (Annual Allowance for Good Attendance + Annual Additional Allowance for Good Attendance) / 12      - It is the basis of contribution and benefit calculation.",6,2014-12-23 18:26,,13
36,보수 ,Remuneration,봉급과 기타 각종 수당을 합한 금액을 말함.,It refers to the combined amount of salary and other various allowances.,6,2014-12-23 18:26,,18
35,변동금리 적용 ,Application of Variable Interest Rate,생활자금 대여에 있어서 매년 12월 익년도 대여이자율을 시중은행 금리를 감안하여 조정하고 있으며 변동이 있을 경우에는 신규대여는 물론 기존 대여도 이자율이 자동적으로 변동됨.    ,"The following year`s loan interest rate of the loan for the living expenses is being adjusted in December each year considering the interest rates of the commercial banks, and if there is a variation, that interest rate is automatically applied for the existing loans as well as the new ones.  ",6,2018-01-02 9:20,,1
34,법인부담금 ,Corporate Contribution,급여에 소요되는 비용으로 학교경영기관이 부담하는 비용,The amount borne by the school management institution as the expense required for benefit,6,2018-01-02 9:20,,3
33,동일법인(An Affiliated School Foundation),Affiliated School Foundation,동일한 학교법인에 여러 학교기관이 설치되어 있는 경우의 소속 법인을 지칭함.Several schools established by a school foundation are called an affiliated school foundation.,It refers to the affiliated foundations in which several school institutions are installed to the same school foundation.Several schools established by a school foundation are called an affiliated school foundation.,3,2014-12-23 18:25,,1
32,대여연체금리,Interest Rate for Arrears,대여상환 의무자가 정기상환 또는 즉시상환을 지체한 때에는 지체한 금액에 대하여 해당 대여 이자율의 2배와 시중은행이 적용하는 대출 연체이율(가장 높은 금리)중 낮은 금리를 적용함.    ,"If the persons responsible for repayment delay the regular repayment or immediate repayment, the double interest rate of the relevant loan interest rate and the low interest rate of the commercial banks` interest rate for arrears (highest interest rate) are applied.",3,2018-01-02 9:19,,9
31,대여상환기간,Loan Repayment Period,"생활자금은 대여금액별 정규상환기간 이내에서 상환기간을 선택하거나 1～3년 범위내에서 거치상환이 가능하며, 국고학자금의 경우는 졸업 익월부터 2년 거치 4년(수업연한 4년 이상) 또는 3년(수업 연한 3년 미만)간 원금균등분할 상환함.","The repayment period for the living expenses can be selected within the regular repayment period by the lent amount or can be repaid after a grace period within 1~3 years. In case of the loan for school expenses of national treasury, it can be repaid for four years after two-year grace period (learning period for more than four years) or by equal repayment of the principal for three years (learning period for less than three years) from the next month of graduation.",3,2014-12-23 18:25,,12
30,대리인,Proxy,"대리권을 가지고 본인을 대신하여 의사표시를 하거나, 의사표시를 받을 권한이 있는 사람을 말함.",It refers to the person with the power of attorney who is entitled to declare the intention or to receive the declaration of intention on behalf of another person.,3,2014-12-23 18:25,,16
29,당연적용기관,Institution for Compulsory Participation,"연금법의 당연(의무)적용기관으로서, 사립학교법 제3조에 규정된 사립학교 및 초. 중등교육법 제2조 5호의 특수학교 중 사립학교와 이를 설치ㆍ경영하는 학교경영기관을 말함.","It is the institution for compulsory (mandatory) participation of the Pension Act, and refers to the private schools and the school management institutions that install and manage the private schools, and the private schools and school management institutions among the special schools in the Article, 2 Subparagraph 5 of the Elementary and Secondary Education Act.",3,2014-12-23 18:25,,9
28,단기급여,Short-term Benefit,"교직원이 재직중에 직무로 질병ㆍ부상을 당하거나 화재ㆍ홍수 등으로 주택에 재해를 입었을 때 또는 배우자나 직계존속이 사망했을 때 지급되는 급여   ※ 직무상 요양비, 직무상 요양 일시금, 재해부조금, 사망조위금","It refers to the benefit that is paid when school staff suffer from disease or were injured, when houses were damaged due to the natural disasters like fire and flood or when their spouses or direct ancestors died.※ Official medical expenses, Official medical lump-sum allowance, Benefit for the home damaged by disasters, Death condolence allowance.",3,2014-12-23 18:25,,19
27,기여금,Contribution ,공무원연금법에 의하여 공무원이 부담하는 금액으로 급여에 소요되는 비용  ※ 공단의 부담금과 동일 함.,The amount borne by public officials as the expense required for benefit in accordance with the Public Officials Pension Act  ※ Same with the contribution of the Foundation,1,2014-12-23 18:24,,3
26,기말수당,Quarterly Allowance ,"공무원에게 예산의 범위안에서 매년 3월,6월, 9월, 12월의 보수지급일에 지급하는 수당※ 보수월액 산정에 포함되는 수당","These allowance is paid on the salary day 4 times a year― in march, June, September and December. Each allowance is added to one`s monthly salary",1,2014-12-23 18:24,,17
25,기관번호,Institution Number,"공단이 학교기관 및 법인에 대하여 연금업무의 효율성을 높이기 위해 부여한 기관(법인, 학교 등)의 고유번호를 말함.","It refers to the unique number granted by the Foundation to the institutions (foundations, schools, etc.) to increase the efficiency of pension business for the school institutions and foundations",1,2014-12-23 18:24,,9
24,급여재심위원회,Commission for Benefit Appeal,"급여에 관한 결정, 개인부담금의 징수 기타 이 법에 의한 처분 또는 급여에 관한 이의신청에 대한 구제기구. 위원장 1인을 포함하여 위원 9인으로 구성되며 위원은 공무원, 의료계, 법조계, 사회보장에 관한 학식과 경험이 풍부한자 중에서 교육부장관이 임명 또는 위촉하고 임기는 3년으로 함.","It refers to the relief organization for the determination on the benefit, collection of personal contribution, disposition in accordance with this law or formal objections to the benefit. It is composed of nine members including one chairman, and the members are appointed or commissioned by the Minister of Education among public officials, medical circles, legal circles and the persons with a wealth of learning and experience. The term in office is three years.",1,2018-01-02 9:18,,3
23,급여의 환수 ,Clawback of Benefit,공단은 허위 기타 부정한 방법으로 급여를 받은 경우 또는 급여를 받은 후 그 급여의 사유가 소멸된 경우 및 급여가 과오급된 경우에는 그 급여를 환수함.,The Foundation claws back the benefit if it is received tin the false and illegal ways or the reason of the benefit ceased to exist and it is overpaid.,1,2014-12-23 18:24,,3
22,급여의 제한 ,Limitation of Benefit,"고의, 중과실, 진단 불응 등으로 급여의 사유를 발생케 하거나, 형벌, 파면 등을 받은 경우에는 급여액의 전부 또는 일부를 감액 지급함.","If the reason for benefit occurs due to intention, gross negligence, non-acceptance of diagnosis, etc. or punishment and expulsion were received, the benefit is reduced in whole or in part.",1,2014-12-23 18:24,,12
21,급여액 산정기초 ,Basis of Benefit Calculation,급여의 사유가 발생한 날(퇴직으로 급여의 사유가 발생하거나 퇴직후에 급여의 사유가 발생한 경우에는 퇴직한 날의 전날로 함)이 속하는 달의 기준소득월액을 기초로 함.,The benefit is calculated based on the base monthly income of the month to which the date (the previous day of retirement if the reason for benefit occurred from retirement or the reason for benefit occurred after retirement) when the reason for benefit occurred belongs.,1,2014-12-23 18:24,,2
20,급여심의회 ,Benefit Council,"직무상 재해보상에 관련된 급여의 결정에 있어서 그 신중을 기하기 위하여 설치된 심의회를 말하며 위원장을 포함한 위원 5인 이상 7인 이내의 공무원, 교직원, 의료업무 및 법무에 종사하는 자로 구성되어 있음.","It refers to the review council which is installed to be circumspect in determining the benefit related to the official disaster compensation, and is composed of more than five and within seven public officials, school staff and the persons engaged in medical and legal affairs.",1,2014-12-23 18:24,,2
19,급여수급권의 보호 ,Pensionable Right,"급여를 받을 권리는 양도 또는 압류하거나 담보에 제공할 수 없음. 다만, 연금인 급여를 받을 권리는 대통령령이 정하는 금융기관에 담보로 제공하거나 국세징수법의 규정에 의하여 체납처분을 할 수 있으며, 대통령령이 정하는 바에 의하여 공단에 대한 채무의 담보로 제공할 수 있음.","The right to receive the benefit cannot be assigned, seized or secured. However, the pension right of pensioner can be furnished as collateral to the financial institutions prescribed by the Presidential Decree or be offered for disposition of delinquency pursuant to the provisions of the National Tax Collection Law, and can be furnished as collateral of the debt for the Foundation as prescribed by the Presidential Decree.",1,2014-12-23 18:24,,16
18,국세체납처분,Disposition of National Tax Delinquency,"국세체납자에 대하여 세무행정관처에서 국세징수법에 따라 행하는 강제징수 처분 또는 그에 부수되는 절차를 말하며 그 절차는 첫단계로서 미리 독촉을 하고, 그래도 기한 내에 이행하지 않을 때에는 재산압류,매각 및 청산의 3단계 절차로 행하여지는 것을 말함.","It refers to the disposal of compulsory collection or the procedure incidental to it which is executed against the national tax delinquents in accordance with the National Tax Collection Law, and the procedure is to press for the payment as the first step, and then to take the 3-step procedure of the attachment of property, sale and clearing if the payment is still not implemented within the period.",1,2014-12-23 18:24,,4
17,국고학자금대여,Loan for School Expenses,국가의 부담으로 정규대학 및 이에 준하는 각종 학교에 입학 또는 재학중인 교직원 본인 및 그 자녀(대학원과정 및 배우자 제외)에게 실 등록금 납부액 범위 내에서 무이자로 대여하는 것을 말함.,It is the loan available to the extent of the actual tuition without interest at the burden borne by the nation for the school staff or their children (except for the graduate school course and the spouses) who enter or are in attendance at the regular universities or various equivalent schools.,1,2014-12-23 18:24,,12
16,국가부담금,National Contribution,급여에 소요되는 비용으로 국가가 부담하는 금액    ,The amount borne by the nation as the expense required for benefit,1,2018-01-02 10:40,,14
15,구상권,Right to Indemnity,급여의 사유가 제3자의 가해행위로 발생한 경우 급여수급자가 제3자(손해배상의무자)에 대하여 가지는 손해배상청구권리를 공단이 대위 취득한 권리를 말함.,It refers to the Foundation`s acquired subrogated right of claim that the beneficiary has against a third party (the person who is responsible for the compensation) if the reason for the benefit occurred due to a harmful act of the third party.,1,2014-12-23 18:23,,18
14,교원,Teachers,사립학교법 제54조의 규정에 의하여 그 임명에 관하여 관할청에 보고된 자를 말함,It refers to those who were reported to the competent authorities for the employment by the provisions of Article 54 of the Private School Act.,1,2014-12-23 18:23,,20
13,교보제대자,Dischargee With Teacher`s License,정교사 단기현역병제도에 의거 1년 재영후 귀휴한 자를 말함.   ※ 귀휴기간 6월 소지자(1957년 ～ 1962년 사이 시행),It refers to those who were released after active military service for one year based on the regular teachers` short-term active servicemen system.    ※ Holders of 6 months` period of release (enforced between 1957 and 1962),1,2014-12-23 18:23,,4
12,공무원연금법의 준용 ,Application of Public Officials Pension Act,"국&#8228;공립학교 교직원과 처우형편을 동등하게 하기 위하여 급여의 종류, 급여의 사유, 급여액 및 급여에 관한 사항은 공무원연금법과 같이 적용함을 말함.","It refers to the fact that the types of benefits, reason for benefits, amount of benefit and items about the benefit are applied in accordance with the Public Officials Pension Act in order to make the treatment equal with the school staff of the national and public schools.",1,2014-12-23 18:23,,1
11,공무원수당규정,Public Officials Remuneration Regulations,공무원에게 지급하는 수당 및 실비변상 등에 관한 사항을 정한 규정,Regulations that set forth the details about the allowance and actual expense compensation paid to the public officials.,1,2014-12-23 18:23,,16
10,공무원평균보수인상률,Average Increase Rate of Public Official Remuneration,전전년도 10월말 현재 전체 공무원의 보수월액의 총액을 전체공무원의 수로 나눈 금액에 대비한 전년도 10월말 현재 전체공무원의 보수월액의 총액을 전체공무원의 수로 나눈 금액의 변동을 말함.,It refers to the variable rate of the amount of the total amount of the monthly salaries of entire public officials divided by the number of entire public officials as of the end of October of the last year as compared to the amount of the total amount of the monthly salaries of entire public officials divided by the number of entire public officials as of the end of October of the year before last.,1,2018-01-02 9:17,,1
9,공무원보수규정,Public Officials Remuneration Regulations,공무원의 보수에 관하여 필요한 사항을 정한 규정,It refers to the regulations that set forth the provisions necessary for the remuneration of the public officials.,1,2014-12-23 18:23,,16
8,공무원,Public Officials,"국가공무원법 및 지방공무원법에 의한 공무원과 대통령령이 정하는 국가 또는 지방자치단체의 기타의 직원을 말하며 공무원연금법 적용을 받음. 다만, 군인과 선거에 의하여 취임하는 공무원은 제외함.","It refers to the public officials by the National Public Service Act and Local Public Service Act and other employees of the nation or local governments prescribed by the presidential decree and they are subject to the Public Officials Pension Act. However, the soldiers and the public officials who are inaugurated by the election are excluded.",1,2014-12-23 18:23,,16
7,경력 ,Work Experience,"현재까지 직업상의 어떤일을 해 오거나 어떤 직위나 직책을 맡아 온 경험 또는 그 내용을 말함   ※ 교원은 임용전 시간강사(대학이상), 연구경력, 주식회사 근무경력 등이 인정되며, 사무직원은 국가기술자격증(기술사, 각종기사, 기능사 등)을 취득하고 학교기관에서도 해당 자격증과 관련된 업무수행을 하는 경우에만 인정됨.","It refers to the experience of performing certain occupational works or taking on certain titles or positions or their contents.      ※ School staff are recognized for the work experiences with part-time instruction (at or above the college), research, and working for corporate companies before appointment, and clerical staff are recognized for the work experience only when performing the works related to the relevant certificates in the school institution after acquiring the national technical certificates (consultant engineer, various engineers, technicians, etc.).",1,2014-12-23 18:23,,23
6,결손처분,Deficits Disposal,공단이 부담금을 징수하거나 급여액을 환수함에 있어 특정한 사유의 발생으로 인하여 부과한 부담금 또는 환수금을 징수할 수 없다고 인정될 경우에 그 납부의무를 소멸시키는 행정처분을 말함.,It refers to the administrative disposition which dissipates the obligation of payment when it is appreciated that the imposed contribution or clawback cannot be collected due to the occurrence of specific reason in collecting the contribution or claw the benefit back.,1,2014-12-23 18:23,,4
5,견책 ,Reprimand,징계처분의 한 가지로 잘못을 꾸짖고 회개하게 함.   ※ 징계처분일로부터 6월 동안 승급이 제한되며 징계처분일로부터 3년이 경과하게 되면 승급기간의 특례에 의하여 승급의 제한을 받은 기간은 승급기간에 재산입함.,"It is one of the disciplinary actions, and those who made a mistake are rebuked and made to repent the mistake.  ※ The raise in salary is limited for six months from the date of disciplinary actions. If three years elapse from the date of disciplinary actions, the period of limited raise in salary is re-included by the special cases of the period for raise in salary.",1,2014-12-23 18:22,,18
4,거치기간,Grace Period,대여금의 상환개시를 일정기간 유예하는 것을 말함.,It is to postpone the start of loan repayment for a certain period of time.,1,2014-12-23 18:22,,7
3,개인부담금,Personal Contribution,급여에 소요되는 비용으로 교직원이 부담하는 금액,The amount borne by school staff as the expense required for benefit,1,2018-01-02 9:16,,16
2,강임,Demotion,동일한 직열 내에서 하위의 직급에 임명하거나 하위직급이 없어 다른 직열의 하위직급으로 임명하는 것을 말함.,It refers to being appointed to the lower job classification within the same work classification or being appointed to the lower job classification of other work classification as there is no lower job classification within the same work classification.,1,2014-12-23 18:19,,4
1,감봉,Reduction in Salary,징계처분의 일종으로 1월 이상 3월 이하의 기간으로 하고 보수의 1/3을 감함   ※ 징계처분의 집행이 종료된 날로부터 12월 동안 승급이 제한되며 징계처분이 종료된 날로부터 5년이 경과하게 되면 승급기간의 특례에 의하여 징계처분기간을 제외하고 승급의 제한을 받은 기간은 승급기간에 재산입함.,"It is a type of disciplinary actions. Its duration is more than one month and less than three months and the 1/3 of the remuneration is reduced.   ※ The raise in salary is limited for twelve months from the termination date of the execution of disciplinary actions. If five years elapse from the termination date of disciplinary actions, the period of limited raise in salary is re-included except for the period of disciplinary actions by the special cases of the period for raise in salary.",1,2014-12-23 18:39,,18
